score test,fit time,predict time
0.6089238845144356,0.7655539512634277,0.05889010429382324
